nombre,apellido,edad,genero,ciudad,id_estudiante
Rosemary,Atterbury,40,Male,Qiankou,249452
Delano,Adshede,21,Male,Longtang,249453
Mayer,Beekman,19,Female,Longping,249454
Vincenz,Munnings,21,Male,Dongping,249455
Elysha,Barbrick,30,Female,Lousado,249456
Marley,Abade,17,Female,Meirinhas,249457
Bunny,Woollett,37,Male,Kuanping,249458
Lynelle,Joseph,28,Male,Beolgyo,249459
Cordy,Potapczuk,22,Female,Millet,249460
Jerrie,Mitchelmore,28,Male,Salitral,249461
Lulu,Glowinski,39,Female,Reforma,249462
Viola,Rumin,36,Female,Tarikolot,249463
Alden,Crickmore,32,Male,Le Grand-Quevilly,249464
Gerladina,Brimilcome,17,Female,Şafwá,249465
Hunt,Kilroy,23,Female,Lubbock,249466
Malcolm,Padberry,30,Female,Saint-Quentin-en-Yvelines,249467
Sybil,Trinke,32,Male,Monte Carmelo,249468
Chaunce,Lead,27,Male,Ndibène Dahra,249469
Sioux,Shea,35,Female,Lipiany,249470
Merrili,Kilbourne,21,Female,Linshe,249471
Lorita,O'Donnelly,38,Female,Yacuiba,249472
Abbot,Tatlowe,38,Female,Gore,249473
Neysa,Fleckno,36,Male,Joutsa,249474
Nikola,Geraghty,20,Male,Semanding,249475
Smitty,Bauld,23,Female,Pergamos,249476
Henryetta,Boddam,36,Female,Estrada,249477
Birk,Farquharson,30,Female,Al Mawşil al Jadīdah,249478
Neely,Gopsell,17,Female,Puerto Eldorado,249479
Peyter,Malyj,33,Male,Pô,249480
Myriam,Daniello,21,Male,Hengjie,249481
Carmel,Marchent,38,Male,Panikihan,249482
Darryl,Wagerfield,17,Male,Machico,249483
Baillie,Oxenford,29,Female,Fāraskūr,249484
Monika,Sharrard,37,Female,Pendembu,249485
Sofie,Cornborough,33,Female,Caihua,249486
Dilly,Valentetti,40,Male,Kubanskiy,249487
Stacee,Luckman,18,Male,Hengshitang,249488
Denver,Bygrave,31,Female,Pakisrejo,249489
Melina,Vasichev,28,Female,Labytnangi,249490
Norean,Dugan,17,Male,Portoviejo,249491
Angel,Cuppleditch,32,Female,Lututów,249492
Mirilla,Toppin,34,Male,Makurazaki,249493
Chloris,Radley,19,Female,Oibioin,249494
Moore,Ruggs,27,Male,Aksu,249495
Patten,Verchambre,24,Female,Saint John’s,249496
Herbie,Daoust,17,Male,Brijest,249497
Lynn,Drewery,40,Male,Bogovinje,249498
Deeann,Ruckert,34,Female,Ouagadougou,249499
Deerdre,Pleasaunce,30,Female,Lutomiersk,249500
Zorana,Champkin,29,Female,Vimmerby,249501
Paddie,Dennett,17,Female,Hufeng,249502
Peggie,Haswall,25,Male,Chotcza,249503
Thatcher,Sarre,18,Female,Jingyang,249504
Herta,Craighall,23,Female,Duifang,249505
Vassily,Arnaez,37,Female,Paris 01,249506
Linn,Garret,39,Male,Marevo,249507
Claudell,Maltby,38,Female,Sadar Bazar,249508
Armand,Riddiford,26,Male,Baiquan,249509
Zachariah,D'Oyly,35,Female,Malaba,249510
Justinn,Trill,36,Male,Grugul,249511
Franciskus,Roly,21,Female,Avaré,249512
Celle,Lafaye,20,Male,Somita,249513
Kane,Voaden,28,Male,Peterhof,249514
Nolie,Rowthorn,22,Female,Tsurugi-asahimachi,249515
Corey,Farman,18,Female,Dao’er,249516
Bobbe,Croot,36,Male,Al Azraq ash Shamālī,249517
Felicio,Skahill,37,Female,Jocotán,249518
Faber,Paulich,27,Male,Lázně Kynžvart,249519
Loydie,Larvin,30,Female,Manakara,249520
Sigrid,Dovydenas,35,Female,Sūq Sibāḩ,249521
Chelsey,Goghin,26,Male,Bełsznica,249522
Thibaut,Geeritz,20,Male,Pensacola,249523
Peyter,Benstead,26,Female,Turkestan,249524
Welby,Mathys,38,Female,San Juan,249525
Wanids,Packham,30,Female,Daban,249526
Chuck,Lock,39,Female,Mangochi,249527
Elonore,Alabastar,33,Male,Předklášteří,249528
Lorene,Urey,40,Male,Zacatecoluca,249529
Boony,Brockest,20,Male,Lazaro Cardenas,249530
Nanette,Wavell,27,Male,Braga,249531
Leighton,Rawne,39,Female,Xihe,249532
Sisely,Manuel,26,Female,Nangabere,249533
Kerk,Kimble,40,Male,Daliciasao,249534
Lydon,Bruckmann,21,Female,Daqian,249535
Marje,Goble,29,Female,Mairinque,249536
Brenden,Largen,38,Male,Tonshayevo,249537
Alena,Gennings,32,Male,Rassvet,249538
Clayborn,O'Hoey,20,Female,Coari,249539
Cassey,Martinuzzi,25,Female,Spétses,249540
Reube,Schieferstein,39,Male,Huoqiu Chengguanzhen,249541
Miriam,Callear,32,Female,Diego de Almagro,249542
Brena,Stephens,25,Male,Voznesen’ye,249543
Ernaline,Jubb,38,Female,Molodizhne,249544
Monika,Navan,37,Female,Mangere,249545
Laughton,Fancett,39,Male,Settat,249546
Stephie,Bresnahan,26,Male,Huangshi,249547
Filippa,Stredder,38,Female,Obo,249548
Grethel,Micka,38,Male,Trelleborg,249549
Pippa,Razoux,37,Male,Xilu,249550
Way,Comolli,39,Male,Medellín,249551
Carter,Zarfati,31,Female,Paraíso de Chabasquén,249552
Olia,Dashkov,29,Male,Chixi,249553
Valentin,Arkill,40,Male,Rizómilos,249554
Graig,Aingell,28,Female,Aimorés,249555
Sapphire,Sanz,40,Male,Damnoen Saduak,249556
Diane-marie,Tabourier,17,Female,Plomárion,249557
Horatius,Blissitt,26,Female,Labruge,249558
Braden,Attenbrough,40,Male,Wiśniewo,249559
Xylia,Krimmer,28,Female,Trollhättan,249560
Erinn,Hatherleigh,19,Female,Maguan,249561
Marcelle,Trenbay,22,Male,Wińsko,249562
Iosep,Barnardo,20,Male,Moravče,249563
Brennan,Sheere,17,Female,Xingshou,249564
Brandea,Narbett,29,Male,Zamoskvorech’ye,249565
Dee,Blades,19,Male,Bokor,249566
Darrelle,Hannent,31,Male,Kamenka,249567
Janeva,Dunsmuir,19,Male,Haukivuori,249568
Mitzi,Bodemeaid,22,Female,Avignon,249569
Marvin,Bakesef,36,Female,Anin,249570
Rosemarie,Nurse,36,Male,Bagorejo,249571
Urson,Bennedick,35,Male,Binalonan,249572
Debera,Pailin,30,Male,Margorejo,249573
Barbra,Meeron,20,Male,Höfn,249574
Lowrance,Alejandre,38,Male,Hengbanqiao,249575
Moses,Withnall,34,Male,Divisoria,249576
Leanna,Schuelcke,27,Male,Najin,249577
Ritchie,Goward,17,Female,Lauro de Freitas,249578
Shamus,Humbatch,22,Male,Xinxiang,249579
Meagan,Mattingly,33,Female,Embi,249580
Jenna,Maskill,23,Male,Tabinay,249581
Sheffie,Stores,24,Female,Jovim,249582
Marve,Leonardi,40,Male,Kalimati,249583
Augie,Ludewig,26,Female,Vinhedo,249584
Geoff,Bahlmann,34,Female,Wŏnsan,249585
Toinette,Leaf,30,Female,San Pedro del Paraná,249586
Bryant,Gudyer,33,Male,Rancakuya,249587
Arnie,Stubbins,38,Male,Longka,249588
Catriona,Swalwell,17,Male,Kostino,249589
Dael,Nare,19,Female,Kholm,249590
Dory,Francescoccio,26,Female,Langsepan,249591
Asher,Cutriss,26,Female,Mesiméri,249592
Neala,O'Bradain,29,Female,Raub,249593
Winnie,Tideswell,37,Male,Shu,249594
Avrit,Baugham,33,Male,Baiyan,249595
Inessa,Swalteridge,33,Male,Monte Francisco,249596
Carolina,Bryce,37,Female,Pancoran,249597
Amata,Dulin,35,Male,Gaotan,249598
Dannie,Schiell,20,Female,Malian,249599
Pebrook,Mattityahou,26,Female,Strasbourg,249600
Carter,Gobert,30,Male,Kashar,249601
Krishnah,Broadbere,20,Female,Rāvar,249602
Whitaker,Flacknoe,30,Female,Göteborg,249603
Annadiana,Crickmore,35,Male,Richmond,249604
Batholomew,Pannett,36,Male,Tozeur,249605
Bondon,Wooddisse,17,Female,Whakatane,249606
Rich,Beckhouse,37,Male,Aguilares,249607
Teodora,Lodevick,38,Female,Huangcun,249608
Bryn,Scandwright,38,Male,Donghu,249609
Dasya,Inkles,40,Male,Frankfurt am Main,249610
Keenan,Stive,18,Female,Agra,249611
Erma,MacGibbon,27,Female,Paris La Défense,249612
Paloma,Bruckman,38,Male,Chengyang,249613
Andra,Proske,17,Female,Kanoni,249614
Marietta,Pendock,20,Female,Santa Bernardina,249615
Todd,Down,26,Male,Quebracho,249616
Roderigo,MacConnal,29,Male,Zibo,249617
Rinaldo,Eslemont,38,Female,Fīrūzābād,249618
Kelila,Janney,23,Male,San Juan,249619
Ervin,Nortcliffe,38,Female,Fengjia,249620
Corey,Bygott,18,Male,Bang Mun Nak,249621
Ethelbert,Gynn,25,Male,Wushan,249622
Brianna,Guirau,38,Male,Carora,249623
Garreth,Julian,23,Female,Chivhu,249624
Corey,Lamperti,37,Female,København,249625
Lesli,Chieze,24,Female,Ilandža,249626
Jennette,Arnett,27,Male,Bombarral,249627
Isidoro,Varley,18,Male,Petrozavodsk,249628
Catrina,Adcock,24,Male,Nanzhang Chengguanzhen,249629
Winny,Smalls,36,Female,Darmasari,249630
Zackariah,Weekes,37,Male,Nuevo Emperador,249631
Wake,Oswal,39,Male,Soa,249632
Ofella,Thomazin,33,Male,Horad Barysaw,249633
Ermentrude,Bainton,30,Female,Mokil,249634
Lorilyn,Klemke,31,Female,Karangtanjung,249635
Melania,Hasley,27,Male,Detroit,249636
Filippo,Boater,22,Male,Mananum,249637
Duke,Gaudon,18,Male,Guanghou,249638
Gaylene,Connolly,26,Female,Agat Village,249639
Dorrie,Crann,36,Male,Mollebamba,249640
Pablo,Radsdale,35,Male,Estombar,249641
Roscoe,Rubinek,37,Male,Kanginan,249642
Marlo,Maydway,36,Female,Nanjiao,249643
Norina,Berlin,19,Female,Yanshou,249644
Trina,Derx,36,Male,Kota Bharu,249645
Bronny,Hendrix,39,Male,Chongmin,249646
Ange,Budgey,25,Male,Fanzhuang,249647
Joete,Tampen,23,Male,Ketovo,249648
Miranda,Hodinton,23,Male,Tanahmerah,249649
Dolley,Klimczak,33,Male,Redinha,249650
Cristobal,Fahrenbacher,23,Male,Hobscheid,249651
Orland,Berzin,26,Male,San Andres,249652
Shannen,Beedom,22,Female,Barrosas,249653
Marisa,Gimblett,37,Male,Sangtian,249654
Jeffy,Denyukhin,38,Male,Kole,249655
Mattie,Maasz,37,Female,Fredericton,249656
Gerrie,Gladding,31,Male,Kunvald,249657
Cross,Trodd,18,Female,Cibitung,249658
Rena,McLise,32,Male,Dvorichna,249659
Dilly,Stringfellow,19,Male,Pueai Noi,249660
Raine,Konerding,26,Male,Ḑawrān ad Daydah,249661
Vanny,Alger,24,Female,Marsh Harbour,249662
Aime,Carlucci,32,Male,Krabi,249663
Curry,Brereton,38,Male,Vrangel’,249664
Tabbitha,MacShirrie,38,Female,Dante Delgado,249665
Donall,Dosdell,25,Female,Buraen,249666
Aldridge,Loche,28,Female,Formosa do Rio Preto,249667
Jany,Guinnane,31,Male,Ferreiros,249668
Lia,MacConneely,39,Female,Cabanbanan,249669
Dorette,Snalom,21,Male,Timiryazevskiy,249670
Celine,Callingham,38,Female,San Pedro,249671
Mellie,Danielski,17,Female,Ponikiew,249672
Neill,MacCrann,22,Female,Mauren,249673
Dacey,Simo,33,Male,Pyongyang,249674
Amalee,Delle,20,Male,Dnipryany,249675
Kerk,O'Gleasane,38,Male,Fort Lauderdale,249676
Rudie,Edeson,19,Male,Kilcullen,249677
Jamey,Ebbens,34,Male,Hongqi,249678
Rockey,Greer,23,Male,Astara,249679
Alia,Khomin,18,Male,Falun,249680
Kimberli,Rivard,38,Male,Waihibar,249681
Red,Woodroofe,34,Female,Kahabe,249682
Rice,Yantsurev,19,Male,Gechuan,249683
Janine,Mephan,36,Female,Göteborg,249684
Bronny,Ghiraldi,19,Female,Ô Môn,249685
Etheline,Faithorn,39,Male,Kastrat,249686
Zonda,Hancill,20,Female,Murganhal,249687
Halsey,Krysztofowicz,40,Male,Bassila,249688
Martica,Millis,30,Female,Il’inskiy,249689
Jorie,Kores,26,Female,Maringá,249690
Valaria,Ferrino,25,Female,Kraśnik,249691
Elmo,Blucher,29,Female,Chamlykskaya,249692
Carline,Itzkowicz,18,Male,Xiting,249693
Helena,Ingley,23,Female,Sainte-Marthe-sur-le-Lac,249694
Mikey,Shepherdson,24,Female,Željezno Polje,249695
Suzann,Mattityahou,33,Female,Graz,249696
Joyann,Gwyther,19,Female,Stari Grad,249697
Margie,Bownde,23,Male,Changzheng,249698
Rosemarie,Duffitt,37,Male,Ceres,249699
Marlane,Emanuelli,39,Female,Baykalovo,249700
Ely,Chartres,24,Male,Hulyaypole,249701
Candra,Toderi,25,Female,Niš,249702
Gottfried,Gietz,27,Male,Lancai,249703
Ave,Hutchinges,39,Female,Lamas,249704
Jenelle,Wrighton,25,Male,Dubki,249705
Dietrich,Leimster,20,Female,Quinta de Valadares,249706
Ewell,Rennebeck,28,Female,Göteborg,249707
Abby,Shapera,23,Male,Nezlobnaya,249708
Alisun,Atto,17,Female,Photharam,249709
Lena,Landrieu,22,Female,Priiskovyy,249710
Belle,Colkett,31,Male,Shamkhor,249711
Carrie,Summerson,30,Male,Bobo-Dioulasso,249712
Elnora,Teacy,37,Male,Notre-Dame-de-l'Île-Perrot,249713
Lonee,Croot,40,Female,Tynne,249714
Efrem,Castellani,21,Male,Stockholm,249715
Corabelle,Schenkel,19,Female,Huangling,249716
Fabiano,Marl,24,Male,Qarchī Gak,249717
Martica,St Pierre,31,Male,Bell Ville,249718
Kylila,Stanyland,19,Female,Upton,249719
Joshuah,Britland,34,Male,Kingsey Falls,249720
Mendy,Pellamont,33,Female,Las Vegas,249721
Ronald,Runcieman,40,Female,Saint-Louis du Sud,249722
Pierette,Shiels,39,Female,Xinó Neró,249723
Leroy,Menendez,21,Male,Villasis,249724
Jaine,Pierri,22,Male,Sande Vila Nova,249725
Maisey,Pere,39,Male,Kraljevo,249726
Munmro,Knowlden,34,Male,Bang Khon Thi,249727
Chery,Oxford,19,Male,Dhamār,249728
Oneida,Marrington,28,Female,Lavradio,249729
Stern,MacCrann,26,Female,Dhangarhi,249730
Thoma,Loader,24,Male,Bāzārak,249731
Derrik,Keir,23,Female,Kubanskiy,249732
Flinn,Rathborne,19,Male,Baorixile,249733
Dyane,Lille,29,Male,Cibolang,249734
Elie,Guilayn,18,Male,Igreja,249735
Carley,Bodd,35,Male,Rogóźno,249736
Ainslie,Miall,25,Female,Gerong,249737
Kerwinn,Maddison,28,Male,Beipai,249738
Brinn,Crellim,19,Female,Cleveland,249739
Aleta,Kelle,23,Female,Strelitsa,249740
Kerrin,Bruna,24,Female,Leixlip,249741
Eda,Comino,31,Male,Rodez,249742
Eva,Urquhart,26,Female,Güira de Melena,249743
Raddie,Juschke,27,Male,Lubomierz,249744
Kane,Leary,39,Female,Qindu,249745
Moira,Fulmen,19,Male,Łaszczów,249746
Mirabel,Gillinghams,34,Male,Koszarawa,249747
Curr,Trimby,32,Female,San Jose,249748
Mendie,Erat,17,Female,Sumberan,249749
Hadley,Accomb,21,Male,Qianwei,249750
Hi,Whitland,35,Female,Pasłęk,249751
Jsandye,Havis,19,Male,Sinarwangi,249752
Lilias,Everett,32,Female,Zavolzh’ye,249753
Reynard,Avramovsky,29,Male,Moshenskoye,249754
Broderick,Machan,39,Female,São Gabriel da Cachoeira,249755
Arlee,Ivan,32,Female,Paris 16,249756
Giffie,Wheeliker,32,Female,Mustvee,249757
Midge,Ledgard,35,Male,Zhujiang,249758
Merlina,Telega,17,Female,Béziers,249759
Anthiathia,Riddington,40,Male,Enskede,249760
Davita,Dunkirk,17,Female,Uijeongbu-si,249761
Jermaine,Varfalameev,20,Male,Kaavi,249762
Gilligan,Ulster,30,Male,Dananyu,249763
Lorene,Dollimore,34,Female,Íasmos,249764
Constantino,Clayworth,32,Female,Zbiroh,249765
Melesa,Sarah,24,Male,Yōkaichiba,249766
Lilith,Carik,17,Female,Praia da Vagueira,249767
Analiese,Heddan,40,Male,Riberalta,249768
Hervey,De Benedictis,35,Male,La Curva,249769
Maurizio,Rosenstiel,38,Female,Dadap,249770
Earle,Olivia,27,Female,Muñoz East,249771
Rustie,Aslie,32,Female,Kisangani,249772
Vilma,Blesdill,34,Female,Sasayama,249773
Alana,Ricardet,38,Male,Laojunmiao,249774
Gloria,Raiker,39,Female,Billa,249775
Red,Petofi,28,Male,Jember,249776
Arron,Gehrts,27,Male,Wuxi,249777
Al,Linforth,40,Female,Lille,249778
Odetta,Popland,34,Female,Villa del Rosario,249779
Nevil,Thexton,29,Male,Cikiray,249780
Jacquetta,Comellini,27,Female,Camabatela,249781
Mordy,Gavrieli,31,Male,Ndungu,249782
Margarita,Sproul,18,Female,Zhuangbian,249783
Mitchell,O' Timony,24,Female,Torbeck,249784
Suzann,Cayton,35,Male,Malita,249785
Portia,McGurgan,38,Male,Hongjia,249786
Cheslie,Blease,40,Male,Alemanguan,249787
Barbra,Branford,23,Female,Seminole,249788
Gretna,Boules,36,Male,Port Erin,249789
Annabal,Brittian,25,Male,Shazhouba,249790
Rodina,Reveley,39,Female,Grindavík,249791
Maude,Brinsford,32,Female,Huazhuang,249792
Ulrica,Sambath,31,Male,Acton Vale,249793
Andris,Costello,23,Male,Aguas Verdes,249794
Elizabet,Burd,34,Female,Rossosh’,249795
Tann,d'Escoffier,30,Female,Kedungwungu,249796
Elbertina,Pennycord,22,Female,Sobral da Abelheira,249797
Hurley,Denson,34,Female,Esigodini,249798
Bethina,Syne,36,Male,Kangping,249799
Tatum,Lang,17,Female,Hluboká nad Vltavou,249800
Vail,Pentony,36,Male,Karak,249801
Lorine,Luard,25,Male,Emiliano Zapata,249802
Faustine,Shimony,37,Female,Thị Trấn Na Hang,249803
Malvin,Charlton,28,Male,Alíartos,249804
Land,Bubbings,18,Female,Barcelona,249805
Aloise,Wiggin,35,Female,Duraznopampa,249806
Travus,Laroux,29,Female,Amparita,249807
Wain,Grenshields,27,Female,Nagosela,249808
Terrye,Spilsted,36,Male,Choropampa,249809
Lynelle,Pischof,39,Male,Shatki,249810
Kimberly,Grolle,38,Female,Radymno,249811
Pasquale,Acock,31,Male,Rancagadog,249812
Marabel,Sheldon,21,Male,Liucun,249813
Teodor,Le Noury,28,Male,La Esmeralda,249814
Juanita,Powell,25,Female,Tessalit,249815
Rey,Gourdon,39,Female,Antalaha,249816
Emmeline,Mc Caughen,35,Female,Hanušovice,249817
Ross,Rymill,25,Male,Kamifukuoka,249818
Garrick,Sterman,28,Male,Bāfq,249819
Celina,Eastbrook,17,Male,Kanashevo,249820
Maible,MacCartney,28,Male,Aghavnadzor,249821
Raddie,Veryard,36,Female,Tongjiaxi,249822
Gene,Lipman,24,Female,Suponevo,249823
Dru,Parsall,35,Male,Nybro,249824
Dalt,Brekonridge,29,Male,Mỹ Xuyên,249825
Michaella,Luipold,34,Male,Pradera,249826
Raynard,Eefting,38,Female,Longzhouwan,249827
Philippa,Bohlje,23,Female,Poissy,249828
Sebastien,Hackleton,37,Male,Sélibabi,249829
Tine,Gianinotti,18,Female,Methven,249830
Shirlee,Lethibridge,33,Female,Achiaman,249831
Georgie,Skettles,32,Male,Bokaa,249832
Shayne,Leaman,29,Male,Raoshi,249833
Barnaby,Begent,20,Male,Mozhaysk,249834
Larine,Wallentin,23,Male,Taoyao,249835
Prent,Shurville,35,Male,Qiancheng,249836
Honoria,Beetles,38,Female,Simo,249837
Elita,Flores,39,Male,Cheongju-si,249838
Carlyle,Streatley,17,Male,Ngundaan,249839
Diana,Furtado,17,Female,Bulumulyo,249840
Faina,Lokier,18,Male,Várzea,249841
Anna-diane,Colwill,33,Female,Kasukabe,249842
Sebastian,Gonning,22,Male,Ganjiachang,249843
Darnell,Hayer,19,Male,Ayamaru,249844
Jarret,Fanshaw,30,Male,Donglu,249845
Cullen,Ridler,32,Male,Campoalegre,249846
Kenon,Keynd,27,Male,Hujiaying,249847
Clifford,Whitters,31,Male,Yuncheng,249848
Darcey,Kubacki,34,Female,Jishui,249849
Diandra,Laffan,37,Female,Nangka,249850
Sherie,Tessington,36,Female,Samho-rodongjagu,249851
Bailie,Tadlow,17,Male,Balugo,249852
Lou,Pynn,18,Male,Oklahoma City,249853
Jobina,Burchnall,35,Female,Sallanches,249854
Judye,Ccomini,21,Female,Bengtsfors,249855
Porter,Rolls,29,Male,Yeliguan,249856
Kyrstin,Lowre,28,Male,Pagaruša,249857
Glyn,Cumbers,17,Female,Santa Rita,249858
Jacinda,Allnatt,30,Female,Taketoyo,249859
Pauly,Thring,30,Male,Cikalaces,249860
Gwenny,Joselevitch,26,Male,Gritsovskiy,249861
Daune,Cahan,29,Female,Reshetylivka,249862
Afton,Storrah,39,Male,Ambato,249863
Cullin,Skaif,21,Female,Francisco J Mujica,249864
Erina,Trassler,18,Female,Tanjungbalai,249865
Wallie,Daborne,32,Male,La Sierpe,249866
Lynn,Gyngell,20,Male,Molinos,249867
Dulcine,Earley,22,Male,Qiryat Yam,249868
Judah,Feechum,33,Female,Jielong,249869
Guenna,Digan,39,Female,Mošorin,249870
Roshelle,Younglove,29,Female,Zhangguanying,249871
Jozef,Haton,34,Female,Guilherand-Granges,249872
Torrin,Rockhill,26,Female,Kerep Wetan,249873
Hillyer,Ivanshintsev,22,Female,Bemposta,249874
Barbie,Weeden,35,Female,Santo Tomé,249875
Woodrow,Beckinsale,23,Female,Leping,249876
Leonanie,Jiroutka,37,Male,Vichadero,249877
Vergil,Lidgerton,38,Female,Fort Lauderdale,249878
Jena,Manon,20,Female,Ambato Boeny,249879
Wood,Dasent,26,Male,Sukowiryo,249880
Obadias,Kidder,24,Male,Duy Xuyên,249881
Anna,Dinsell,38,Male,Pasirhuni,249882
Anne-corinne,Ronci,31,Female,Ancol,249883
Casey,Pretsel,31,Male,Kotatengah,249884
Casi,Pimlott,29,Female,Prakhon Chai,249885
Virginia,Dennistoun,25,Female,Roches Noire,249886
Ruperto,Gladbeck,21,Male,Nanyang,249887
Hasty,Moles,21,Male,Jezzîne,249888
Salvatore,Wakenshaw,18,Male,Colotenango,249889
Joshia,Gare,26,Male,Patea,249890
Corrinne,Engledow,39,Female,Wengaingo,249891
Josi,Vaughan-Hughes,25,Male,Yanghong,249892
Elston,Sherston,35,Female,Agía Foteiní,249893
Martin,Thackston,34,Female,Xunzhai,249894
Geoffry,Farlow,33,Male,Sunjia Buzi,249895
Benjie,Andrassy,25,Female,Leśna Podlaska,249896
Shurwood,Cutten,37,Male,Burgas,249897
Ninnetta,Kybbye,34,Female,Taibai,249898
Dede,Crossgrove,31,Female,Jamban,249899
Zonnya,Redmille,18,Female,Portão,249900
Fernanda,Whitbread,23,Female,El Rancho,249901
Hester,Reynold,34,Male,San Martin,249902
Tucker,Bukac,36,Male,Antsohimbondrona,249903
Kelila,Kauble,17,Male,Xaysetha,249904
Lenard,Swatton,33,Male,Ituiutaba,249905
Joshua,Falkner,19,Female,Sredniy,249906
Pattie,Coger,23,Male,Ballsh,249907
Daron,Wasylkiewicz,25,Female,Wonocoyo Utara,249908
Paxton,Blunderfield,29,Male,Villa Nueva,249909
Sharona,Tourle,29,Male,Trai Ngau,249910
Darya,O'Fairy,34,Female,Ibarra,249911
Herve,Greeding,34,Female,Malesína,249912
Jan,Witham,22,Female,Shuangkou,249913
Alexandra,Sindall,40,Female,Nehe,249914
Bellanca,Bartozzi,28,Female,Banjar Jabejero,249915
Billye,Crankhorn,22,Female,Huangrangping,249916
Flossie,Wylam,24,Male,Borek Wielkopolski,249917
Corissa,Goodoune,22,Female,Panghadangan,249918
Eileen,Scarsbrick,25,Male,Lampihung,249919
Corette,Balwin,34,Male,Verkhneye Kazanishche,249920
Kelsey,Book,24,Female,Khlong Luang,249921
Catherina,Kroch,39,Female,Mieszkowice,249922
Virginie,Cranstoun,39,Female,Kopparberg,249923
Eustace,Bassom,27,Female,Mao,249924
Shaw,Ateridge,35,Female,Shanglaxiu,249925
Oneida,Mablestone,21,Male,Tuqiao,249926
Audry,Glaister,20,Female,Yuankeng,249927
Chrystel,Sheringham,18,Female,Tours,249928
Isabella,Fane,37,Male,Birayang,249929
Randie,Late,33,Male,Northern Suburbs Mc,249930
Donal,Fevers,17,Female,Balongmulyo,249931
Esdras,McLachlan,20,Male,Lishan,249932
Gipsy,Dundredge,17,Male,Maqia,249933
Jone,Coste,39,Female,Ursynów,249934
Kalil,Skaid,21,Male,Moulay Abdallah,249935
Hermina,Mocker,24,Female,Pag-asa,249936
Ragnar,Markwick,21,Male,Yijiang,249937
Kele,Draayer,39,Male,Bolou,249938
Dorotea,Ranyell,24,Female,Itatiba,249939
Marilin,Petrello,21,Female,Toledo,249940
Bartie,Langhor,37,Male,Xiangzikou,249941
Antonietta,Cess,37,Female,Maishi,249942
Ethelyn,Cloy,39,Female,Lishu,249943
Marcia,Branca,39,Male,Czerwieńsk,249944
Andres,Chrystie,34,Female,Velká Bystřice,249945
Cathrin,Yemm,33,Female,Oni,249946
Frank,Jouning,18,Female,Chengui,249947
Chicky,Stebbin,18,Male,Edinburgh,249948
Virginie,Larrat,40,Female,Ketian,249949
Lurette,Darwen,38,Female,Huhe,249950
Mikkel,Corby,18,Male,Sydney,249951
